UAAUGUAAGACUACAUAUGGCGCAUGUCCUGCCAA,45.31257471494212,[],45.31257471494212
