UAACUAUAGGUCGAAUUGAUUUAGUCACCAUAUAG,49.950879438610094,[],49.950879438610094
